Date,JPM,VIX
2018-01-02,85.51603698730469,9.770000457763672
2018-01-03,85.60316467285156,9.149999618530273
2018-01-04,86.82947540283203,9.220000267028809
2018-01-05,86.27207946777344,9.220000267028809
2018-01-08,86.39947509765625,9.520000457763672
2018-01-09,86.83744812011719,10.079999923706055
2018-01-10,87.79301452636719,9.819999694824219
2018-01-11,88.2628402709961,9.880000114440918
2018-01-12,89.72010040283203,10.15999984741211
2018-01-16,89.40155029296875,11.65999984741211
2018-01-17,89.97489166259766,11.90999984741211
2018-01-18,90.18991088867188,12.220000267028809
2018-01-19,89.9908218383789,11.270000457763672
2018-01-22,91.0419692993164,11.029999732971191
2018-01-23,90.9464111328125,11.100000381469727
2018-01-24,92.10902404785156,11.470000267028809
2018-01-25,92.13288879394531,11.579999923706055
2018-01-26,92.62661743164062,11.079999923706055
2018-01-29,92.53106689453125,13.84000015258789
2018-01-30,91.66307830810547,14.789999961853027
2018-01-31,92.10902404785156,13.539999961853027
2018-02-01,93.06458282470703,13.470000267028809
2018-02-02,91.00214385986328,17.309999465942383
2018-02-05,86.63837432861328,37.31999969482422
2018-02-06,89.2741470336914,29.979999542236328
2018-02-07,89.87935638427734,27.729999542236328
2018-02-08,85.9057846069336,33.459999084472656
2018-02-09,87.62578582763672,29.059999465942383
2018-02-12,88.97950744628906,25.610000610351562
2018-02-13,89.52897644042969,24.969999313354492
2018-02-14,91.59938049316406,19.260000228881836
2018-02-15,91.98162841796875,19.1299991607666
2018-02-16,91.32066345214844,19.459999084472656
2018-02-20,91.34455108642578,20.600000381469727
2018-02-21,91.72677612304688,20.020000457763672
2018-02-22,91.55955505371094,18.719999313354492
2018-02-23,93.41496276855469,16.489999771118164
2018-02-26,94.57757568359375,15.800000190734863
2018-02-27,93.45478057861328,18.59000015258789
2018-02-28,91.97364807128906,19.850000381469727
2018-03-01,90.32526397705078,22.469999313354492
2018-03-02,90.23770141601562,19.59000015258789
2018-03-05,91.62325286865234,18.729999542236328
2018-03-06,91.70291137695312,18.360000610351562
2018-03-07,91.3604965209961,17.760000228881836
2018-03-08,91.36844635009766,16.540000915527344
2018-03-09,93.99626922607422,14.640000343322754
2018-03-12,93.69367218017578,15.779999732971191
2018-03-13,92.57088470458984,16.350000381469727
2018-03-14,91.53564453125,17.229999542236328
2018-03-15,91.76660919189453,16.59000015258789
2018-03-16,91.92586517333984,15.800000190734863
2018-03-19,91.20121765136719,19.020000457763672
2018-03-20,91.288818359375,18.200000762939453
2018-03-21,91.36844635009766,17.860000610351562
2018-03-22,87.55414581298828,23.34000015258789
2018-03-23,85.21297454833984,24.8700008392334
2018-03-26,87.84081268310547,21.030000686645508
2018-03-27,86.13671875,22.5
2018-03-28,86.00132751464844,22.8700008392334
2018-03-29,87.57003784179688,19.969999313354492
2018-04-02,85.88188934326172,23.6200008392334
2018-04-03,87.06041717529297,21.100000381469727
2018-04-04,88.38227844238281,20.059999465942383
2018-04-05,89.54280090332031,18.940000534057617
2018-04-06,87.309814453125,21.489999771118164
2018-04-09,88.35829162597656,21.770000457763672
2018-04-10,90.04701232910156,20.469999313354492
2018-04-11,88.53435516357422,20.239999771118164
2018-04-12,90.73533630371094,18.489999771118164
2018-04-13,88.27824401855469,17.40999984741211
2018-04-16,88.20621490478516,16.559999465942383
2018-04-17,88.20621490478516,15.25
2018-04-18,87.49391174316406,15.600000381469727
2018-04-19,89.41471862792969,15.960000038146973
2018-04-20,89.21466064453125,16.8799991607666
2018-04-23,88.78247833251953,16.34000015258789
2018-04-24,88.36628723144531,18.020000457763672
2018-04-25,88.03014373779297,17.84000015258789
2018-04-26,88.11815643310547,16.239999771118164
2018-04-27,87.55792999267578,15.40999984741211
2018-04-30,87.06172180175781,15.930000305175781
2018-05-01,87.06172180175781,15.489999771118164
2018-05-02,86.37339782714844,15.970000267028809
2018-05-03,85.82917785644531,15.899999618530273
2018-05-04,86.78157806396484,14.770000457763672
2018-05-07,87.5339126586914,14.75
2018-05-08,88.83047485351562,14.710000038146973
2018-05-09,90.76732635498047,13.420000076293945
2018-05-10,91.47162628173828,13.229999542236328
2018-05-11,91.12748718261719,12.649999618530273
2018-05-14,91.15950775146484,12.930000305175781
2018-05-15,90.46318817138672,14.630000114440918
2018-05-16,90.7112808227539,13.420000076293945
2018-05-17,90.40718078613281,13.430000305175781
2018-05-18,88.94254302978516,13.420000076293945
2018-05-21,89.7588882446289,13.079999923706055
2018-05-22,90.44718933105469,13.220000267028809
2018-05-23,90.03099822998047,12.579999923706055
2018-05-24,89.02255249023438,12.529999732971191
2018-05-25,88.56636047363281,13.220000267028809
2018-05-29,84.7807388305664,17.020000457763672
2018-05-30,86.71753692626953,14.9399995803833
2018-05-31,85.64509582519531,15.430000305175781
2018-06-01,86.7575912475586,13.460000038146973
2018-06-04,86.79757690429688,12.739999771118164
2018-06-05,86.30938720703125,12.399999618530273
2018-06-06,88.32624816894531,11.640000343322754
2018-06-07,88.67842864990234,12.130000114440918
2018-06-08,88.9265365600586,12.180000305175781
2018-06-11,88.70240783691406,12.350000381469727
2018-06-12,88.1902084350586,12.34000015258789
2018-06-13,88.0141372680664,12.9399995803833
2018-06-14,86.46145629882812,12.119999885559082
2018-06-15,86.35739135742188,11.979999542236328
2018-06-18,86.58152770996094,12.3100004196167
2018-06-19,86.0772933959961,13.350000381469727
2018-06-20,86.06929779052734,12.789999961853027
2018-06-21,86.04525756835938,14.640000343322754
2018-06-22,84.63665771484375,13.770000457763672
2018-06-25,83.8683090209961,17.329999923706055
2018-06-26,83.92436218261719,15.920000076293945
2018-06-27,82.6278076171875,17.90999984741211
2018-06-28,83.98037719726562,16.850000381469727
2018-06-29,83.39613342285156,16.09000015258789
2018-07-02,84.10042572021484,15.600000381469727
2018-07-03,82.92391204833984,16.139999389648438
2018-07-05,83.46305847167969,14.970000267028809
2018-07-06,83.73665618896484,13.369999885559082
2018-07-09,86.32778930664062,12.6899995803833
2018-07-10,85.79668426513672,12.640000343322754
2018-07-11,85.61161804199219,13.630000114440918
2018-07-12,85.98175811767578,12.579999923706055
2018-07-13,85.58747100830078,12.180000305175781
2018-07-16,88.98329162597656,12.829999923706055
2018-07-17,88.9189224243164,12.0600004196167
2018-07-18,89.74775695800781,12.100000381469727
2018-07-19,88.42805480957031,12.869999885559082
2018-07-20,89.54654693603516,12.859999656677246
2018-07-23,91.21228790283203,12.619999885559082
2018-07-24,91.8560562133789,12.40999984741211
2018-07-25,92.68489074707031,12.289999961853027
2018-07-26,92.41934204101562,12.140000343322754
2018-07-27,93.36888122558594,13.029999732971191
2018-07-30,93.93215942382812,14.260000228881836
2018-07-31,92.49980163574219,12.829999923706055
2018-08-01,93.07115173339844,13.149999618530273
2018-08-02,93.4654312133789,12.1899995803833
2018-08-03,94.22185516357422,11.640000343322754
2018-08-06,94.24597930908203,11.270000457763672
2018-08-07,94.59201049804688,10.930000305175781
2018-08-08,94.78514099121094,10.850000381469727
2018-08-09,94.05286407470703,11.270000457763672
2018-08-10,93.12747192382812,13.15999984741211
2018-08-13,91.6468276977539,14.779999732971191
2018-08-14,92.25839233398438,13.3100004196167
2018-08-15,91.49390411376953,14.640000343322754
2018-08-16,92.35497283935547,13.449999809265137
2018-08-17,92.35497283935547,12.640000343322754
2018-08-20,92.23424530029297,12.489999771118164
2018-08-21,92.79753112792969,12.859999656677246
2018-08-22,92.51589965820312,12.25
2018-08-23,92.32276153564453,12.40999984741211
2018-08-24,92.28252410888672,11.989999771118164
2018-08-27,93.91605377197266,12.15999984741211
2018-08-28,93.45738220214844,12.5
2018-08-29,93.1515884399414,12.25
2018-08-30,92.69291687011719,13.529999732971191
2018-08-31,92.20206451416016,12.859999656677246
2018-09-04,92.66073608398438,13.15999984741211
2018-09-05,92.21011352539062,13.90999984741211
2018-09-06,91.8158187866211,14.649999618530273
2018-09-07,91.99282836914062,14.880000114440918
2018-09-10,91.5019760131836,14.15999984741211
2018-09-11,92.08136749267578,13.220000267028809
2018-09-12,90.99502563476562,13.140000343322754
2018-09-13,91.3490982055664,12.369999885559082
2018-09-14,91.3330078125,12.069999694824219
2018-09-17,91.60660552978516,13.680000305175781
2018-09-18,91.97676849365234,12.789999961853027
2018-09-19,94.64834594726562,11.75
2018-09-20,95.46109771728516,11.800000190734863
2018-09-21,94.83343505859375,11.680000305175781
2018-09-24,93.92410278320312,12.199999809265137
2018-09-25,93.6585693359375,12.420000076293945
2018-09-26,92.55613708496094,12.890000343322754
2018-09-27,92.15379333496094,12.40999984741211
2018-09-28,90.8019027709961,12.119999885559082
2018-10-01,91.3330078125,12.0
2018-10-02,91.71121215820312,12.050000190734863
2018-10-03,92.57221984863281,11.609999656677246
2018-10-04,93.40687561035156,14.220000267028809
2018-10-05,92.8801498413086,14.819999694824219
2018-10-08,93.44737243652344,15.6899995803833
2018-10-09,92.79912567138672,15.949999809265137
2018-10-10,90.32762908935547,22.959999084472656
2018-10-11,87.6211166381836,24.979999542236328
2018-10-12,86.66490936279297,21.309999465942383
2018-10-15,86.17062377929688,21.299999237060547
2018-10-16,88.01817321777344,17.6200008392334
2018-10-17,88.99864959716797,17.399999618530273
2018-10-18,87.58868408203125,20.059999465942383
2018-10-19,87.44283294677734,19.889999389648438
2018-10-22,86.18682098388672,19.639999389648438
2018-10-23,85.28736877441406,20.709999084472656
2018-10-24,83.69911193847656,25.229999542236328
2018-10-25,84.97132110595703,24.219999313354492
2018-10-26,83.80445861816406,24.15999984741211
2018-10-29,84.96320343017578,24.700000762939453
2018-10-30,86.46232604980469,23.350000381469727
2018-10-31,88.34229278564453,21.229999542236328
2018-11-01,88.30989074707031,19.34000015258789
2018-11-02,87.82368469238281,19.510000228881836
2018-11-05,88.39901733398438,19.959999084472656
2018-11-06,88.81229400634766,19.90999984741211
2018-11-07,90.3357162475586,16.360000610351562
2018-11-08,91.06500244140625,16.719999313354492
2018-11-09,90.18175506591797,17.360000610351562
2018-11-12,88.28557586669922,20.450000762939453
2018-11-13,88.80416107177734,20.020000457763672
2018-11-14,86.97282409667969,21.25
2018-11-15,89.19313049316406,19.979999542236328
2018-11-16,89.12831115722656,18.139999389648438
2018-11-19,89.8089828491211,20.100000381469727
2018-11-20,87.88040161132812,22.479999542236328
2018-11-21,87.22402954101562,20.799999237060547
2018-11-23,86.42182159423828,21.520000457763672
2018-11-26,88.53678894042969,18.899999618530273
2018-11-27,88.90953826904297,19.020000457763672
2018-11-28,89.89813232421875,18.489999771118164
2018-11-29,89.1850357055664,18.790000915527344
2018-11-30,90.10071563720703,18.06999969482422
2018-12-03,90.95155334472656,16.440000534057617
2018-12-04,86.89179992675781,20.739999771118164
2018-12-06,85.2387466430664,21.190000534057617
2018-12-07,83.69911193847656,23.229999542236328
2018-12-10,82.1351547241211,22.639999389648438
2018-12-11,81.33295440673828,21.760000228881836
2018-12-12,81.85963439941406,21.459999084472656
2018-12-13,81.94068145751953,20.649999618530273
2018-12-14,81.26811218261719,21.6299991607666
2018-12-17,80.23088073730469,24.520000457763672
2018-12-18,79.85003662109375,25.579999923706055
2018-12-19,78.8371353149414,25.579999923706055
2018-12-20,78.15641021728516,28.3799991607666
2018-12-21,76.30888366699219,30.110000610351562
2018-12-24,74.66390991210938,36.06999969482422
2018-12-26,77.7593994140625,30.40999984741211
2018-12-27,78.63452911376953,29.959999084472656
2018-12-28,78.4643783569336,28.34000015258789
2018-12-31,79.10452270507812,25.420000076293945
2019-01-02,80.47396850585938,23.219999313354492
2019-01-03,79.33031463623047,25.450000762939453
2019-01-04,82.25485229492188,21.3799991607666
2019-01-07,82.3120346069336,21.399999618530273
2019-01-08,82.15681457519531,20.469999313354492
2019-01-09,82.01793670654297,19.979999542236328
2019-01-10,82.00979614257812,19.5
2019-01-11,81.61767578125,18.190000534057617
2019-01-14,82.45907592773438,19.06999969482422
2019-01-15,83.0635986328125,18.600000381469727
2019-01-16,83.73347473144531,19.040000915527344
2019-01-17,84.07655334472656,18.059999465942383
2019-01-18,85.4407958984375,17.799999237060547
2019-01-22,84.09291076660156,20.799999237060547
2019-01-23,83.88050079345703,19.520000457763672
2019-01-24,83.92949676513672,18.889999389648438
2019-01-25,84.46049499511719,17.420000076293945
2019-01-28,84.86078643798828,18.8700008392334
2019-01-29,85.09770202636719,19.1299991607666
2019-01-30,85.29376983642578,17.65999984741211
2019-01-31,84.55035400390625,16.56999969482422
2019-02-01,84.86078643798828,16.139999389648438
2019-02-04,85.1630630493164,15.729999542236328
2019-02-05,84.78727722167969,15.569999694824219
2019-02-06,84.7464370727539,15.380000114440918
2019-02-07,83.63542938232422,16.3700008392334
2019-02-08,82.80216217041016,15.720000267028809
2019-02-11,82.41008758544922,15.970000267028809
2019-02-12,83.81515502929688,15.430000305175781
2019-02-13,84.21544647216797,15.649999618530273
2019-02-14,83.66809844970703,16.219999313354492
2019-02-15,86.22504425048828,14.90999984741211
2019-02-19,85.92278289794922,14.880000114440918
2019-02-20,86.33940887451172,14.020000457763672
2019-02-21,86.15970611572266,14.460000038146973
2019-02-22,85.77574157714844,13.510000228881836
2019-02-25,86.67432403564453,14.850000381469727
2019-02-26,86.01262664794922,15.170000076293945
2019-02-27,85.90645599365234,14.699999809265137
2019-02-28,85.25291442871094,14.779999732971191
2019-03-01,85.31011199951172,13.569999694824219
2019-03-04,85.11404418945312,14.630000114440918
2019-03-05,85.0486831665039,14.739999771118164
2019-03-06,84.73008728027344,15.739999771118164
2019-03-07,84.11740112304688,16.59000015258789
2019-03-08,84.15008544921875,16.049999237060547
2019-03-11,85.2447280883789,14.329999923706055
2019-03-12,84.99149322509766,13.770000457763672
2019-03-13,85.27742004394531,13.40999984741211
2019-03-14,86.05347442626953,13.5
2019-03-15,87.04195404052734,12.880000114440918
2019-03-18,87.56478118896484,13.100000381469727
2019-03-19,87.24620056152344,13.5600004196167
2019-03-20,85.38361358642578,13.90999984741211
2019-03-21,84.03572845458984,13.630000114440918
2019-03-22,81.49510955810547,16.479999542236328
2019-03-25,80.81709289550781,16.329999923706055
2019-03-26,81.62581634521484,14.680000305175781
2019-03-27,81.34806823730469,15.149999618530273
2019-03-28,82.27118682861328,14.430000305175781
2019-03-29,82.69599914550781,13.710000038146973
2019-04-01,85.48164367675781,13.399999618530273
2019-04-02,85.8901138305664,13.359999656677246
2019-04-03,86.06163787841797,13.739999771118164
2019-04-04,86.89305877685547,13.579999923706055
2019-04-05,86.6872787475586,12.819999694824219
2019-04-08,86.96714782714844,13.180000305175781
2019-04-09,86.32506561279297,14.279999732971191
2019-04-10,86.71194458007812,13.300000190734863
2019-04-11,87.44459533691406,13.020000457763672
2019-04-12,91.5439224243164,12.010000228881836
2019-04-15,90.49851989746094,12.319999694824219
2019-04-16,91.45337677001953,12.180000305175781
2019-04-17,94.08750915527344,12.600000381469727
2019-04-18,93.39603424072266,12.09000015258789
2019-04-22,93.51129913330078,12.420000076293945
2019-04-23,93.62653350830078,12.279999732971191
2019-04-24,93.47012329101562,13.140000343322754
2019-04-25,93.51951599121094,13.25
2019-04-26,94.22746276855469,12.729999542236328
2019-04-29,95.58563995361328,13.109999656677246
2019-04-30,95.52804565429688,13.119999885559082
2019-05-01,94.7954330444336,14.800000190734863
2019-05-02,95.00120544433594,14.420000076293945
2019-05-03,95.58563995361328,12.869999885559082
2019-05-06,94.73778533935547,15.4399995803833
2019-05-07,93.19023895263672,19.31999969482422
2019-05-08,92.69635009765625,19.399999618530273
2019-05-09,92.62226867675781,19.100000381469727
2019-05-10,92.61405181884766,16.040000915527344
2019-05-13,90.09516143798828,20.549999237060547
2019-05-14,90.8113021850586,18.059999465942383
2019-05-15,90.46556854248047,16.440000534057617
2019-05-16,91.6262435913086,15.289999961853027
2019-05-17,91.18174743652344,15.960000038146973
2019-05-20,91.6591567993164,16.309999465942383
2019-05-21,91.97196960449219,14.949999809265137
2019-05-22,91.22288513183594,14.75
2019-05-23,89.42839813232422,16.920000076293945
2019-05-24,90.3091812133789,15.850000381469727
2019-05-28,89.3296127319336,17.5
2019-05-29,89.08265686035156,17.899999618530273
2019-05-30,88.1278076171875,17.299999237060547
2019-05-31,87.22232818603516,18.709999084472656
2019-06-03,87.6338882446289,18.860000610351562
2019-06-04,90.33387756347656,16.969999313354492
2019-06-05,90.6549072265625,16.09000015258789
2019-06-06,90.85245513916016,15.930000305175781
2019-06-07,89.85645294189453,16.299999237060547
2019-06-10,90.82776641845703,15.9399995803833
2019-06-11,91.1076431274414,15.989999771118164
2019-06-12,89.94697570800781,15.90999984741211
2019-06-13,90.16924285888672,15.819999694824219
2019-06-14,90.39974212646484,15.279999732971191
2019-06-17,89.90582275390625,15.350000381469727
2019-06-18,91.13233184814453,15.149999618530273
2019-06-19,90.47380828857422,14.329999923706055
2019-06-20,90.70431518554688,14.75
2019-06-21,90.0869140625,15.399999618530273
2019-06-24,89.44485473632812,15.260000228881836
2019-06-25,88.70404052734375,16.280000686645508
2019-06-26,89.29671478271484,16.209999084472656
2019-06-27,89.593017578125,15.819999694824219
2019-06-28,92.02958679199219,15.079999923706055
2019-07-01,93.57714080810547,14.0600004196167
2019-07-02,93.67591094970703,12.930000305175781
2019-07-03,93.52668762207031,12.569999694824219
2019-07-05,94.08211517333984,13.279999732971191
2019-07-08,93.56815338134766,13.960000038146973
2019-07-09,93.9660415649414,14.09000015258789
2019-07-10,93.69251251220703,13.029999732971191
2019-07-11,94.5877914428711,12.930000305175781
2019-07-12,95.58258056640625,12.390000343322754
2019-07-15,94.42200469970703,12.680000305175781
2019-07-16,95.43338775634766,12.859999656677246
2019-07-17,94.49662017822266,13.970000267028809
2019-07-18,95.06033325195312,13.529999732971191
2019-07-19,94.12358093261719,14.449999809265137
2019-07-22,94.72872924804688,13.529999732971191
2019-07-23,96.46133422851562,12.609999656677246
2019-07-24,96.8509521484375,12.069999694824219
2019-07-25,95.92247772216797,12.739999771118164
2019-07-26,96.34526062011719,12.15999984741211
2019-07-29,96.0385513305664,12.829999923706055
2019-07-30,95.82299041748047,13.9399995803833
2019-07-31,96.16288757324219,16.1200008392334
2019-08-01,93.62615966796875,17.8700008392334
2019-08-02,93.61788177490234,17.610000610351562
2019-08-05,90.83246612548828,24.59000015258789
2019-08-06,91.54540252685547,20.170000076293945
2019-08-07,89.55582427978516,19.489999771118164
2019-08-08,91.07288360595703,16.90999984741211
2019-08-09,90.97340393066406,17.969999313354492
2019-08-12,89.26567840576172,21.09000015258789
2019-08-13,90.64181518554688,17.520000457763672
2019-08-14,86.8781967163086,22.100000381469727
2019-08-15,87.20979309082031,21.18000030517578
2019-08-16,89.2988510131836,18.469999313354492
2019-08-19,90.10295867919922,16.8799991607666
2019-08-20,88.95896911621094,17.5
2019-08-21,89.20763397216797,15.800000190734863
2019-08-22,90.12782287597656,16.68000030517578
2019-08-23,87.88955688476562,19.8700008392334
2019-08-26,88.59420776367188,19.31999969482422
2019-08-27,87.65744018554688,20.309999465942383
2019-08-28,88.53619384765625,19.350000381469727
2019-08-29,90.54231262207031,17.8799991607666
2019-08-30,91.07288360595703,18.979999542236328
2019-09-03,89.99519348144531,19.65999984741211
2019-09-04,91.0811767578125,17.329999923706055
2019-09-05,93.15365600585938,16.270000457763672
2019-09-06,93.35260772705078,15.0
2019-09-09,95.66551208496094,15.270000457763672
2019-09-10,96.88410186767578,15.199999809265137
2019-09-11,97.14938354492188,14.609999656677246
2019-09-12,97.74627685546875,14.220000267028809
2019-09-13,99.66952514648438,13.739999771118164
2019-09-16,98.78250885009766,14.670000076293945
2019-09-17,98.29338073730469,14.4399995803833
2019-09-18,99.27989959716797,13.949999809265137
2019-09-19,98.96487426757812,14.050000190734863
2019-09-20,98.56695556640625,15.319999694824219
2019-09-23,98.55036926269531,14.90999984741211
2019-09-24,97.26544189453125,17.049999237060547
2019-09-25,97.82086944580078,15.960000038146973
2019-09-26,97.0167465209961,16.06999969482422
2019-09-27,97.58875274658203,17.219999313354492
2019-09-30,97.56388854980469,16.239999771118164
2019-10-01,95.78984832763672,18.559999465942383
2019-10-02,93.8831787109375,20.559999465942383
2019-10-03,93.74944305419922,19.1200008392334
2019-10-04,95.78004455566406,17.040000915527344
2019-10-07,95.57113647460938,17.860000610351562
2019-10-08,93.4402847290039,20.280000686645508
2019-10-09,94.11711883544922,18.639999389648438
2019-10-10,95.43743133544922,17.56999969482422
2019-10-11,97.05018615722656,15.579999923706055
2019-10-14,97.30927276611328,14.569999694824219
2019-10-15,100.24232482910156,13.539999961853027
2019-10-16,100.00833129882812,13.680000305175781
2019-10-17,100.5682144165039,13.789999961853027
2019-10-18,100.74369812011719,14.25
2019-10-21,103.24224853515625,14.0
2019-10-22,104.27842712402344,14.460000038146973
2019-10-23,104.55418395996094,14.010000228881836
2019-10-24,104.47896575927734,13.710000038146973
2019-10-25,105.31459045410156,12.649999618530273
2019-10-28,105.7156982421875,13.109999656677246
2019-10-29,105.64887237548828,13.199999809265137
2019-10-30,105.06391143798828,12.329999923706055
2019-10-31,104.38705444335938,13.220000267028809
2019-11-01,106.79366302490234,12.300000190734863
2019-11-04,107.64600372314453,12.829999923706055
2019-11-05,107.87997436523438,13.100000381469727
2019-11-06,108.04710388183594,12.619999885559082
2019-11-07,108.63204193115234,12.729999542236328
2019-11-08,108.94959259033203,12.069999694824219
2019-11-11,108.565185546875,12.6899995803833
2019-11-12,107.93012237548828,12.680000305175781
2019-11-13,107.36190032958984,13.0
2019-11-14,107.4621810913086,13.050000190734863
2019-11-15,108.23930358886719,12.050000190734863
2019-11-18,109.15015411376953,12.460000038146973
2019-11-19,109.11672973632812,12.859999656677246
2019-11-20,108.32289123535156,12.779999732971191
2019-11-21,108.57355499267578,13.130000114440918
2019-11-22,109.29218292236328,12.34000015258789
2019-11-25,109.87715148925781,11.869999885559082
2019-11-26,110.02758026123047,11.539999961853027
2019-11-27,110.35348510742188,11.75
2019-11-29,110.10274505615234,12.619999885559082
2019-12-02,109.86042785644531,14.90999984741211
2019-12-03,108.44820404052734,15.960000038146973
2019-12-04,110.58743286132812,14.800000190734863
2019-12-05,111.18909454345703,14.520000457763672
2019-12-06,112.84366607666016,13.619999885559082
2019-12-09,112.31720733642578,15.859999656677246
2019-12-10,112.39237213134766,15.680000305175781
2019-12-11,112.12495422363281,14.989999771118164
2019-12-12,115.3338394165039,13.9399995803833
2019-12-13,114.32272338867188,12.630000114440918
2019-12-16,114.76555633544922,12.140000343322754
2019-12-17,115.46749114990234,12.289999961853027
2019-12-18,115.35052490234375,12.579999923706055
2019-12-19,114.7739486694336,12.5
2019-12-20,114.68203735351562,12.510000228881836
2019-12-23,114.64862060546875,12.609999656677246
2019-12-24,114.96614837646484,12.670000076293945
2019-12-26,116.18619537353516,12.649999618530273
2019-12-27,116.26971435546875,13.430000305175781
2019-12-30,115.84355163574219,14.819999694824219
2019-12-31,116.48697662353516,13.779999732971191
2020-01-02,117.89921569824219,12.470000267028809
2020-01-03,116.34335327148438,14.020000457763672
2020-01-06,116.25086975097656,13.850000381469727
2020-01-07,114.27452087402344,13.789999961853027
2020-01-08,115.16596221923828,13.449999809265137
2020-01-09,115.58645629882812,12.539999961853027
2020-01-10,114.4343032836914,12.5600004196167
2020-01-13,115.3846435546875,12.319999694824219
2020-01-14,116.73021697998047,12.390000343322754
2020-01-15,114.98096466064453,12.420000076293945
2020-01-16,115.42667388916016,12.319999694824219
2020-01-17,116.22560119628906,12.100000381469727
2020-01-21,115.08186340332031,12.850000381469727
2020-01-22,114.94731140136719,12.90999984741211
2020-01-23,114.82955932617188,12.979999542236328
2020-01-24,111.97860717773438,14.5600004196167
2020-01-27,111.03666687011719,18.229999542236328
2020-01-28,113.05506134033203,16.280000686645508
2020-01-29,112.88685607910156,16.389999389648438
2020-01-30,114.28292083740234,15.489999771118164
2020-01-31,111.314208984375,18.84000015258789
2020-02-03,112.16361236572266,17.969999313354492
2020-02-04,113.77831268310547,16.049999237060547
2020-02-05,115.71258544921875,15.149999618530273
2020-02-06,115.72943115234375,14.960000038146973
2020-02-07,115.35939025878906,15.470000267028809
2020-02-10,115.8387680053711,15.039999961853027
2020-02-11,116.05743408203125,15.180000305175781
2020-02-12,116.05743408203125,13.739999771118164
2020-02-13,115.95648193359375,14.149999618530273
2020-02-14,115.60330200195312,13.680000305175781
2020-02-18,114.07268524169922,14.829999923706055
2020-02-19,115.62850189208984,14.380000114440918
2020-02-20,115.62850189208984,15.5600004196167
2020-02-21,114.21563720703125,17.079999923706055
2020-02-24,111.14598846435547,25.030000686645508
2020-02-25,106.18415832519531,27.850000381469727
2020-02-26,106.50371551513672,27.559999465942383
2020-02-27,102.07164764404297,39.15999984741211
2020-02-28,97.64802551269531,40.11000061035156
2020-03-02,102.19779968261719,33.41999816894531
2020-03-03,98.36286163330078,36.81999969482422
2020-03-04,100.79335021972656,31.989999771118164
2020-03-05,95.84831237792969,39.619998931884766
2020-03-06,90.89480590820312,41.939998626708984
2020-03-09,78.58263397216797,54.459999084472656
2020-03-10,84.68827819824219,47.29999923706055
2020-03-11,80.70196533203125,53.900001525878906
2020-03-12,74.0496826171875,75.47000122070312
2020-03-13,87.38786315917969,57.83000183105469
2020-03-16,74.31038665771484,82.69000244140625
2020-03-17,78.85176086425781,75.91000366210938
2020-03-18,70.5511474609375,76.44999694824219
2020-03-19,71.73694610595703,72.0
2020-03-20,70.22314453125,66.04000091552734
2020-03-23,66.46388244628906,61.59000015258789
2020-03-24,74.3692626953125,61.66999816894531
2020-03-25,77.1445541381836,63.95000076293945
2020-03-26,82.51851654052734,61.0
2020-03-27,76.63993072509766,65.54000091552734
2020-03-30,78.63311004638672,57.08000183105469
2020-03-31,75.7148666381836,53.540000915527344
2020-04-01,70.94642639160156,57.060001373291016
2020-04-02,73.5955581665039,50.90999984741211
2020-04-03,71.42022705078125,46.79999923706055
2020-04-06,76.01728057861328,45.2400016784668
2020-04-07,77.01996612548828,46.70000076293945
2020-04-08,80.13001251220703,43.349998474121094
2020-04-09,87.31875610351562,41.66999816894531
2020-04-13,83.43546295166016,41.16999816894531
2020-04-14,81.14969635009766,37.7599983215332
2020-04-15,77.1474380493164,40.84000015258789
2020-04-16,74.20734405517578,40.11000061035156
2020-04-17,80.8777847290039,38.150001525878906
2020-04-20,77.9291763305664,43.83000183105469
2020-04-21,75.66889190673828,45.40999984741211
2020-04-22,75.91532897949219,41.97999954223633
2020-04-23,75.95780944824219,41.380001068115234
2020-04-24,77.07942962646484,35.93000030517578
2020-04-27,80.40193939208984,33.290000915527344
2020-04-28,80.97125244140625,33.56999969482422
2020-04-29,83.1550521850586,31.229999542236328
2020-04-30,81.37063598632812,34.150001525878906
2020-05-01,79.23777770996094,37.189998626708984
2020-05-04,78.29457092285156,35.970001220703125
2020-05-05,78.17561340332031,33.61000061035156
2020-05-06,76.70556640625,34.119998931884766
2020-05-07,77.50432586669922,31.440000534057617
2020-05-08,78.77043914794922,27.979999542236328
2020-05-11,76.4506607055664,27.56999969482422
2020-05-12,73.95244598388672,33.040000915527344
2020-05-13,71.40321350097656,35.279998779296875
2020-05-14,74.3687973022461,32.61000061035156
2020-05-15,72.99221801757812,31.889999389648438
2020-05-18,76.8585205078125,29.299999237060547
2020-05-19,75.34600830078125,30.530000686645508
2020-05-20,77.60629272460938,27.989999771118164
2020-05-21,76.62059020996094,29.530000686645508
2020-05-22,76.02579498291016,28.15999984741211
2020-05-26,81.42160034179688,28.010000228881836
2020-05-27,86.13761901855469,27.6200008392334
2020-05-28,84.85454559326172,28.59000015258789
2020-05-29,82.68769836425781,27.510000228881836
2020-06-01,83.78386688232422,28.229999542236328
2020-06-02,84.06429290771484,26.84000015258789
2020-06-03,88.60185241699219,25.65999984741211
2020-06-04,90.44579315185547,25.809999465942383
2020-06-05,94.51602172851562,24.520000457763672
2020-06-08,96.40241241455078,25.809999465942383
2020-06-09,93.92970275878906,27.56999969482422
2020-06-10,90.12285614013672,27.56999969482422
2020-06-11,82.60272216796875,40.790000915527344
2020-06-12,84.863037109375,36.09000015258789
2020-06-15,86.03565216064453,34.400001525878906
2020-06-16,86.72396850585938,33.66999816894531
2020-06-17,84.53163146972656,33.470001220703125
2020-06-18,84.07278442382812,32.939998626708984
2020-06-19,83.11256408691406,35.119998931884766
2020-06-22,82.21184539794922,31.770000457763672
2020-06-23,83.21453094482422,31.3700008392334
2020-06-24,80.4359130859375,33.84000015258789
2020-06-25,83.24003601074219,32.220001220703125
2020-06-26,78.67694091796875,34.72999954223633
2020-06-29,79.02534484863281,31.780000686645508
2020-06-30,79.9260482788086,30.43000030517578
2020-07-01,79.24626922607422,28.6200008392334
2020-07-02,79.50369262695312,27.68000030517578
2020-07-06,81.51144409179688,27.940000534057617
2020-07-07,79.21195983886719,29.43000030517578
2020-07-08,80.05281829833984,28.079999923706055
2020-07-09,78.31964111328125,29.260000228881836
2020-07-10,82.60110473632812,27.290000915527344
2020-07-13,83.7851791381836,32.189998626708984
2020-07-14,84.26567077636719,29.520000457763672
2020-07-15,85.5698471069336,27.760000228881836
2020-07-16,85.81008911132812,28.0
2020-07-17,84.22277069091797,25.68000030517578
2020-07-20,83.48487091064453,24.459999084472656
2020-07-21,85.2952880859375,24.84000015258789
2020-07-22,84.6775131225586,24.31999969482422
2020-07-23,84.92634582519531,26.079999923706055
2020-07-24,84.32574462890625,25.84000015258789
2020-07-27,83.14168548583984,24.739999771118164
2020-07-28,83.50203704833984,25.440000534057617
2020-07-29,85.52693939208984,24.100000381469727
2020-07-30,83.24461364746094,24.760000228881836
2020-07-31,82.9186019897461,24.459999084472656
2020-08-03,82.45525360107422,24.280000686645508
2020-08-04,81.98336791992188,23.760000228881836
2020-08-05,83.40764617919922,22.989999771118164
2020-08-06,83.43338775634766,22.649999618530273
2020-08-07,85.2695541381836,22.209999084472656
2020-08-10,86.35064697265625,22.1299991607666
2020-08-11,89.07914733886719,24.030000686645508
2020-08-12,88.3240737915039,22.280000686645508
2020-08-13,87.83502197265625,22.1299991607666
2020-08-14,87.86932373046875,22.049999237060547
2020-08-17,85.55270385742188,21.350000381469727
2020-08-18,84.36006164550781,21.510000228881836
2020-08-19,84.5573959350586,22.540000915527344
2020-08-20,83.54493713378906,22.719999313354492
2020-08-21,83.50203704833984,22.540000915527344
2020-08-24,85.85301971435547,22.3700008392334
2020-08-25,86.23053741455078,22.030000686645508
2020-08-26,85.02074432373047,23.270000457763672
2020-08-27,87.81785583496094,24.469999313354492
2020-08-28,88.17820739746094,22.959999084472656
2020-08-31,85.96453857421875,26.40999984741211
2020-09-01,85.92162322998047,26.1200008392334
2020-09-02,87.21723937988281,26.56999969482422
2020-09-03,86.94268035888672,33.599998474121094
2020-09-04,88.82172393798828,30.75
2020-09-08,85.7328872680664,31.459999084472656
2020-09-09,86.54800415039062,28.809999465942383
2020-09-10,85.6556396484375,29.709999084472656
2020-09-11,86.71959686279297,26.8700008392334
2020-09-14,87.92082214355469,25.850000381469727
2020-09-15,85.18375396728516,25.59000015258789
2020-09-16,85.54410552978516,26.040000915527344
2020-09-17,84.56599426269531,26.459999084472656
2020-09-18,84.38578796386719,25.829999923706055
2020-09-21,81.77743530273438,27.780000686645508
2020-09-22,80.88509368896484,26.860000610351562
2020-09-23,79.57232666015625,28.579999923706055
2020-09-24,79.50369262695312,28.510000228881836
2020-09-25,80.19867706298828,26.3799991607666
2020-09-28,82.50674438476562,26.190000534057617
2020-09-29,81.8117446899414,26.270000457763672
2020-09-30,82.60110473632812,26.3700008392334
2020-10-01,83.20175170898438,26.700000762939453
2020-10-02,83.9910888671875,27.6299991607666
2020-10-05,85.76636505126953,27.959999084472656
2020-10-06,84.88306427001953,29.479999542236328
2020-10-07,86.3638916015625,28.059999465942383
2020-10-08,88.1391372680664,26.360000610351562
2020-10-09,87.6368637084961,25.0
2020-10-12,88.71067810058594,25.06999969482422
2020-10-13,87.27315521240234,26.06999969482422
2020-10-14,86.78821563720703,26.399999618530273
2020-10-15,88.08719635009766,26.969999313354492
2020-10-16,87.90531158447266,27.40999984741211
2020-10-19,86.42450714111328,29.18000030517578
2020-10-20,86.91812896728516,29.350000381469727
2020-10-21,86.05213165283203,28.649999618530273
2020-10-22,89.09170532226562,28.110000610351562
2020-10-23,89.8970718383789,27.549999237060547
2020-10-26,87.67150115966797,32.459999084472656
2020-10-27,86.01749420166016,33.349998474121094
2020-10-28,83.6014175415039,40.279998779296875
2020-10-29,84.14698791503906,37.59000015258789
2020-10-30,84.900390625,38.02000045776367
2020-11-02,86.81420135498047,37.130001068115234
2020-11-03,89.5506820678711,35.54999923706055
2020-11-04,86.81420135498047,29.56999969482422
2020-11-05,90.36470031738281,27.579999923706055
2020-11-06,89.16100311279297,24.860000610351562
2020-11-09,101.23271179199219,25.75
2020-11-10,100.90364074707031,24.799999237060547
2020-11-11,99.39683532714844,23.450000762939453
2020-11-12,98.1758041381836,25.350000381469727
2020-11-13,98.79066467285156,23.100000381469727
2020-11-16,101.57908630371094,22.450000762939453
2020-11-17,100.54857635498047,22.709999084472656
2020-11-18,99.8038558959961,23.84000015258789
2020-11-19,100.07230377197266,23.110000610351562
2020-11-20,99.2149887084961,23.700000762939453
2020-11-23,102.07271575927734,22.65999984741211
2020-11-24,106.79228973388672,21.639999389648438
2020-11-25,105.67515563964844,21.25
2020-11-27,104.97374725341797,20.84000015258789
2020-11-30,102.08137512207031,20.56999969482422
2020-12-01,103.69207763671875,20.770000457763672
2020-12-02,105.68382263183594,21.170000076293945
2020-12-03,104.99103546142578,21.280000686645508
2020-12-04,105.94361877441406,20.790000915527344
2020-12-07,105.54528045654297,21.299999237060547
2020-12-08,105.6491928100586,20.68000030517578
2020-12-09,104.82652282714844,22.270000457763672
2020-12-10,104.15104675292969,22.520000457763672
2020-12-11,103.53620147705078,23.309999465942383
2020-12-14,102.4450912475586,24.719999313354492
2020-12-15,104.19435119628906,22.889999389648438
2020-12-16,104.4974365234375,22.5
2020-12-17,103.63145446777344,21.93000030517578
2020-12-18,103.12052154541016,21.56999969482422
2020-12-21,106.991455078125,25.15999984741211
2020-12-22,105.36341857910156,24.229999542236328
2020-12-23,108.3077392578125,23.309999465942383
2020-12-24,107.83145141601562,21.530000686645508
2020-12-28,108.54154968261719,21.700000762939453
2020-12-29,108.25579833984375,23.079999923706055
2020-12-30,108.55887603759766,22.770000457763672
2020-12-31,110.03970336914062,22.75
2021-01-04,109.00051879882812,26.969999313354492
2021-01-05,109.5936279296875,25.34000015258789
2021-01-06,114.73968505859375,25.06999969482422
2021-01-07,118.50765991210938,22.3700008392334
2021-01-08,118.63846588134766,21.559999465942383
2021-01-11,120.40908813476562,24.079999923706055
2021-01-12,122.30178833007812,23.329999923706055
2021-01-13,122.41517639160156,22.209999084472656
2021-01-14,123.13036346435547,23.25
2021-01-15,120.92366027832031,24.34000015258789
2021-01-19,120.40035247802734,23.239999771118164
2021-01-20,118.59487915039062,21.579999923706055
2021-01-21,117.6005630493164,21.31999969482422
2021-01-22,116.69343566894531,21.90999984741211
2021-01-25,115.23685455322266,23.190000534057617
2021-01-26,114.76585388183594,23.020000457763672
2021-01-27,111.52120971679688,37.209999084472656
2021-01-28,113.48371124267578,30.209999084472656
2021-01-29,112.22772979736328,33.09000015258789
2021-02-01,113.05631256103516,30.239999771118164
2021-02-02,116.53645324707031,25.559999465942383
2021-02-03,117.87093353271484,22.90999984741211
2021-02-04,120.58349609375,21.770000457763672
2021-02-05,120.3480453491211,20.8700008392334
2021-02-08,122.23200988769531,21.239999771118164
2021-02-09,121.74356842041016,21.6299991607666
2021-02-10,121.81332397460938,21.989999771118164
2021-02-11,121.47315216064453,21.25
2021-02-12,123.20016479492188,19.969999313354492
2021-02-16,126.16569519042969,21.459999084472656
2021-02-17,126.55818939208984,21.5
2021-02-18,126.98554229736328,22.489999771118164
2021-02-19,129.10504150390625,22.049999237060547
2021-02-22,130.31744384765625,23.450000762939453
2021-02-23,131.36412048339844,23.110000610351562
2021-02-24,133.67543029785156,21.34000015258789
2021-02-25,131.8612518310547,28.889999389648438
2021-02-26,128.36366271972656,27.950000762939453
2021-03-01,131.2681427001953,23.350000381469727
2021-03-02,130.84075927734375,24.100000381469727
2021-03-03,133.37017822265625,26.670000076293945
2021-03-04,131.3204345703125,28.56999969482422
2021-03-05,131.62574768066406,24.65999984741211
2021-03-08,133.37017822265625,25.469999313354492
2021-03-09,132.42820739746094,24.030000686645508
2021-03-10,135.3065185546875,22.559999465942383
2021-03-11,134.5999755859375,21.90999984741211
2021-03-12,136.1961212158203,20.690000534057617
2021-03-15,135.51576232910156,20.030000686645508
2021-03-16,133.8935089111328,19.790000915527344
2021-03-17,135.2715606689453,19.229999542236328
2021-03-18,137.5044403076172,21.579999923706055
2021-03-19,135.3152313232422,20.950000762939453
2021-03-22,131.67803955078125,18.8799991607666
2021-03-23,130.3610076904297,20.299999237060547
2021-03-24,131.372802734375,21.200000762939453
2021-03-25,133.05616760253906,19.809999465942383
2021-03-26,135.2715606689453,18.860000610351562
2021-03-29,133.1695556640625,20.739999771118164
2021-03-30,134.73951721191406,19.610000610351562
2021-03-31,132.7770538330078,19.399999618530273
2021-04-01,134.06793212890625,17.329999923706055
2021-04-05,134.7786102294922,17.90999984741211
2021-04-06,133.83106994628906,18.1200008392334
2021-04-07,135.92791748046875,17.15999984741211
2021-04-08,136.09463500976562,16.950000762939453
2021-04-09,137.1123504638672,16.690000534057617
2021-04-12,136.82281494140625,16.90999984741211
2021-04-13,135.19094848632812,16.649999618530273
2021-04-14,132.66419982910156,16.989999771118164
2021-04-15,133.5064239501953,16.56999969482422
2021-04-16,134.49783325195312,16.25
2021-04-19,133.92758178710938,17.290000915527344
2021-04-20,130.9621124267578,18.68000030517578
2021-04-21,132.0762939453125,17.5
2021-04-22,129.295166015625,18.709999084472656
2021-04-23,131.76930236816406,17.329999923706055
2021-04-26,132.09388732910156,17.639999389648438
2021-04-27,132.69927978515625,17.559999465942383
2021-04-28,133.55909729003906,17.280000686645508
2021-04-29,136.15603637695312,17.610000610351562
2021-04-30,134.94529724121094,18.610000610351562
2021-05-03,134.5504913330078,18.309999465942383
2021-05-04,136.4104766845703,19.479999542236328
2021-05-05,138.20028686523438,19.149999618530273
2021-05-06,140.98146057128906,18.389999389648438
2021-05-07,141.46397399902344,16.690000534057617
2021-05-10,141.44647216796875,19.65999984741211
2021-05-11,139.0951690673828,21.84000015258789
2021-05-12,138.1388702392578,27.59000015258789
2021-05-13,141.692138671875,23.1299991607666
2021-05-14,143.89427185058594,18.809999465942383
2021-05-17,144.47335815429688,19.719999313354492
2021-05-18,142.43792724609375,21.34000015258789
2021-05-19,141.3499298095703,22.18000030517578
2021-05-20,141.1042938232422,20.670000076293945
2021-05-21,142.70986938476562,20.149999618530273
2021-05-24,143.48190307617188,18.399999618530273
2021-05-25,141.99917602539062,18.84000015258789
2021-05-26,141.98162841796875,17.360000610351562
2021-05-27,144.1925506591797,16.739999771118164
2021-05-28,144.0960693359375,16.760000228881836
2021-06-01,145.68406677246094,17.899999618530273
2021-06-02,145.69284057617188,17.479999542236328
2021-06-03,145.78936767578125,18.040000915527344
2021-06-04,146.0262451171875,16.420000076293945
2021-06-07,145.34193420410156,16.420000076293945
2021-06-08,144.76284790039062,17.06999969482422
2021-06-09,142.9554901123047,17.889999389648438
2021-06-10,140.72703552246094,16.100000381469727
2021-06-11,140.6305389404297,15.649999618530273
2021-06-14,138.24412536621094,16.389999389648438
2021-06-15,136.1472625732422,17.020000457763672
2021-06-16,137.1035919189453,18.149999618530273
2021-06-17,133.14669799804688,17.75
2021-06-18,129.77767944335938,20.700000762939453
2021-06-21,131.97984313964844,17.889999389648438
2021-06-22,131.78684997558594,16.65999984741211
2021-06-23,132.58518981933594,16.31999969482422
2021-06-24,133.80471801757812,15.970000267028809
2021-06-25,135.15585327148438,15.619999885559082
2021-06-28,135.40150451660156,15.760000228881836
2021-06-29,135.23483276367188,16.020000457763672
2021-06-30,136.463134765625,15.829999923706055
2021-07-01,137.81423950195312,15.479999542236328
2021-07-02,137.68185424804688,15.069999694824219
2021-07-06,135.36997985839844,16.440000534057617
2021-07-07,135.52880859375,16.200000762939453
2021-07-08,133.19041442871094,19.0
2021-07-09,137.45240783691406,16.18000030517578
2021-07-12,139.42019653320312,16.170000076293945
2021-07-13,137.34657287597656,17.1200008392334
2021-07-14,136.87890625,16.329999923706055
2021-07-15,137.1789093017578,17.010000228881836
2021-07-16,134.0463409423828,18.450000762939453
2021-07-19,129.68728637695312,22.5
2021-07-20,132.1050262451172,19.729999542236328
2021-07-21,134.8846435546875,17.90999984741211
2021-07-22,133.18157958984375,17.690000534057617
2021-07-23,132.9256591796875,17.200000762939453
2021-07-26,133.8169403076172,17.579999923706055
2021-07-27,133.64047241210938,19.360000610351562
2021-07-28,133.8610382080078,18.309999465942383
2021-07-29,135.0081787109375,17.700000762939453
2021-07-30,133.93165588378906,18.239999771118164
2021-08-02,133.3933563232422,19.459999084472656
2021-08-03,134.91110229492188,18.040000915527344
2021-08-04,133.45513916015625,17.969999313354492
2021-08-05,135.14051818847656,17.280000686645508
2021-08-06,138.97900390625,16.149999618530273
2021-08-09,138.8289794921875,16.719999313354492
2021-08-10,140.53201293945312,16.790000915527344
2021-08-11,142.20858764648438,16.170000076293945
2021-08-12,142.7645263671875,15.59000015258789
2021-08-13,141.16738891601562,15.449999809265137
2021-08-16,140.24082946777344,16.1200008392334
2021-08-17,138.54661560058594,17.90999984741211
2021-08-18,137.28480529785156,21.56999969482422
2021-08-19,136.13763427734375,21.670000076293945
2021-08-20,136.52587890625,18.559999465942383
2021-08-23,138.27308654785156,17.149999618530273
2021-08-24,139.1290283203125,17.219999313354492
2021-08-25,141.99685668945312,16.790000915527344
2021-08-26,142.72921752929688,18.84000015258789
2021-08-27,143.8763427734375,16.389999389648438
2021-08-30,141.57327270507812,16.190000534057617
2021-08-31,141.14088439941406,16.479999542236328
2021-09-01,140.93795776367188,16.110000610351562
2021-09-02,141.5909423828125,16.40999984741211
2021-09-03,140.7349853515625,16.40999984741211
2021-09-07,140.48793029785156,18.139999389648438
2021-09-08,139.8614501953125,17.959999084472656
2021-09-09,140.47032165527344,18.799999237060547
2021-09-10,138.85548400878906,20.950000762939453
2021-09-13,141.06150817871094,19.3700008392334
2021-09-14,138.5995635986328,19.459999084472656
2021-09-15,139.5614013671875,18.18000030517578
2021-09-16,139.4995880126953,18.690000534057617
2021-09-17,139.13784790039062,20.809999465942383
2021-09-20,134.97288513183594,25.709999084472656
2021-09-21,134.99050903320312,24.360000610351562
2021-09-22,137.5759735107422,20.8700008392334
2021-09-23,142.2262725830078,18.6299991607666
2021-09-24,143.86753845214844,17.75
2021-09-27,147.34420776367188,18.760000228881836
2021-09-28,146.55003356933594,23.25
2021-09-29,146.43536376953125,22.559999465942383
2021-09-30,144.44107055664062,23.139999389648438
2021-10-01,147.47657775878906,21.100000381469727
2021-10-04,147.3177490234375,22.959999084472656
2021-10-05,149.72348022460938,21.299999237060547
2021-10-06,150.04306030273438,21.0
2021-10-07,150.99288940429688,19.540000915527344
2021-10-08,151.1083221435547,18.770000457763672
2021-10-11,147.93026733398438,20.0
2021-10-12,146.7939910888672,19.850000381469727
2021-10-13,142.9235076904297,18.639999389648438
2021-10-14,145.1161651611328,16.860000610351562
2021-10-15,147.90362548828125,16.299999237060547
2021-10-18,147.85040283203125,16.309999465942383
2021-10-19,149.6435546875,15.699999809265137
2021-10-20,151.65869140625,15.489999771118164
2021-10-21,150.46917724609375,15.010000228881836
2021-10-22,152.49319458007812,15.430000305175781
2021-10-25,151.74749755859375,15.239999771118164
2021-10-26,152.1558380126953,15.979999542236328
2021-10-27,148.98666381835938,16.979999542236328
2021-10-28,151.2325897216797,16.530000686645508
2021-10-29,150.81539916992188,16.260000228881836
2021-11-01,150.73545837402344,16.40999984741211
2021-11-02,151.3302764892578,16.030000686645508
2021-11-03,151.38351440429688,15.100000381469727
2021-11-04,149.3949737548828,15.4399995803833
2021-11-05,149.18197631835938,16.479999542236328
2021-11-08,150.0785675048828,17.219999313354492
2021-11-09,148.9422607421875,17.780000686645508
2021-11-10,148.8002471923828,18.729999542236328
2021-11-11,148.79136657714844,17.65999984741211
2021-11-12,148.12559509277344,16.290000915527344
2021-11-15,147.8592529296875,16.489999771118164
2021-11-16,146.7939910888672,16.3700008392334
2021-11-17,146.00393676757812,17.110000610351562
2021-11-18,144.74334716796875,17.59000015258789
2021-11-19,142.8524932861328,17.90999984741211
2021-11-22,145.8974151611328,19.170000076293945
2021-11-23,149.38613891601562,19.3799991607666
2021-11-24,148.21434020996094,18.579999923706055
2021-11-26,143.74905395507812,28.6200008392334
2021-11-29,143.12770080566406,22.959999084472656
2021-11-30,140.99713134765625,27.190000534057617
2021-12-01,140.1626739501953,31.1200008392334
2021-12-02,143.10995483398438,27.950000762939453
2021-12-03,140.51776123046875,30.670000076293945
2021-12-06,142.17782592773438,27.18000030517578
2021-12-07,144.31727600097656,21.889999389648438
2021-12-08,142.6660614013672,19.899999618530273
2021-12-09,142.44418334960938,21.579999923706055
2021-12-10,141.87603759765625,18.690000534057617
2021-12-13,140.1893310546875,20.309999465942383
2021-12-14,141.2634735107422,21.889999389648438
2021-12-15,140.2070770263672,19.290000915527344
2021-12-16,142.3997039794922,20.56999969482422
2021-12-17,139.1595458984375,21.56999969482422
2021-12-20,136.65618896484375,22.8700008392334
2021-12-21,138.5647735595703,21.010000228881836
2021-12-22,139.10630798339844,18.6299991607666
2021-12-23,139.60342407226562,17.959999084472656
2021-12-27,140.40237426757812,17.68000030517578
2021-12-28,140.8284454345703,17.540000915527344
2021-12-29,140.75747680664062,16.950000762939453
2021-12-30,140.68646240234375,17.329999923706055
2021-12-31,140.57102966308594,17.219999313354492
2022-01-03,143.54490661621094,16.600000381469727
2022-01-04,148.98666381835938,16.90999984741211
2022-01-05,146.2628631591797,19.729999542236328
2022-01-06,147.81680297851562,19.610000610351562
2022-01-07,149.28138732910156,18.760000228881836
2022-01-10,149.4242706298828,19.399999618530273
2022-01-11,149.5760955810547,18.40999984741211
2022-01-12,150.42446899414062,17.6200008392334
2022-01-13,150.2368927001953,20.309999465942383
2022-01-14,141.00282287597656,19.190000534057617
2022-01-18,135.09092712402344,22.790000915527344
2022-01-19,133.00115966796875,23.850000381469727
2022-01-20,131.8670196533203,25.59000015258789
2022-01-21,129.5629425048828,28.850000381469727
2022-01-24,129.44683837890625,29.899999618530273
2022-01-25,130.85784912109375,31.15999984741211
2022-01-26,132.0991973876953,31.959999084472656
2022-01-27,129.768310546875,30.489999771118164
2022-01-28,130.92930603027344,27.65999984741211
2022-01-31,132.70648193359375,24.829999923706055
2022-02-01,134.9836883544922,21.959999084472656
2022-02-02,133.9031982421875,22.09000015258789
2022-02-03,132.7957305908203,24.350000381469727
2022-02-04,136.242919921875,23.219999313354492
2022-02-07,136.69839477539062,22.860000610351562
2022-02-08,139.2703399658203,21.440000534057617
2022-02-09,139.85079956054688,19.959999084472656
2022-02-10,139.2703399658203,23.90999984741211
2022-02-11,137.45745849609375,27.360000610351562
2022-02-14,136.18040466308594,28.329999923706055
2022-02-15,138.17185974121094,25.700000762939453
2022-02-16,138.4219512939453,24.290000915527344
2022-02-17,135.23377990722656,28.110000610351562
2022-02-18,135.86785888671875,27.75
2022-02-22,135.62669372558594,28.809999465942383
2022-02-23,132.78684997558594,31.020000457763672
2022-02-24,129.08963012695312,30.31999969482422
2022-02-25,132.14382934570312,27.59000015258789
2022-02-28,126.63378143310547,30.149999618530273
2022-03-01,121.85598754882812,33.31999969482422
2022-03-02,124.38328552246094,30.739999771118164
2022-03-03,123.4991455078125,30.479999542236328
2022-03-04,120.02521514892578,31.979999542236328
2022-03-07,115.39034271240234,36.45000076293945
2022-03-08,114.57766723632812,35.130001068115234
2022-03-09,119.16792297363281,32.45000076293945
2022-03-10,117.75688934326172,30.229999542236328
2022-03-11,115.10454559326172,30.75
2022-03-14,116.24763488769531,31.770000457763672
2022-03-15,118.31057739257812,29.829999923706055
2022-03-16,123.59738159179688,26.670000076293945
2022-03-17,125.16023254394531,25.670000076293945
2022-03-18,125.11556243896484,23.8700008392334
2022-03-21,124.71370697021484,23.530000686645508
2022-03-22,127.36605834960938,22.940000534057617
2022-03-23,124.82978057861328,23.56999969482422
2022-03-24,125.64249420166016,21.670000076293945
2022-03-25,126.74090576171875,20.809999465942383
2022-03-28,125.80321502685547,19.6299991607666
2022-03-29,126.0801010131836,18.899999618530273
2022-03-30,125.50849151611328,19.329999923706055
2022-03-31,121.7398681640625,20.559999465942383
2022-04-01,120.83788299560547,19.6299991607666
2022-04-04,121.37370300292969,18.56999969482422
2022-04-05,119.96125793457031,21.030000686645508
2022-04-06,118.29688262939453,22.100000381469727
2022-04-07,117.9369888305664,21.549999237060547
2022-04-08,120.09620666503906,21.15999984741211
2022-04-11,119.65536499023438,24.3700008392334
2022-04-12,118.34184265136719,24.260000228881836
2022-04-13,114.52727508544922,21.81999969482422
2022-04-14,113.46568298339844,22.700000762939453
2022-04-18,115.57089233398438,22.170000076293945
2022-04-19,117.9639892578125,21.3700008392334
2022-04-20,118.37785339355469,20.31999969482422
2022-04-21,117.46018981933594,22.68000030517578
2022-04-22,114.0864486694336,28.209999084472656
2022-04-25,114.05044555664062,27.020000457763672
2022-04-26,110.67671203613281,33.52000045776367
2022-04-27,109.23724365234375,31.600000381469727
2022-04-28,110.964599609375,29.989999771118164
2022-04-29,107.3839340209961,33.400001525878906
2022-05-02,108.36458587646484,32.34000015258789
2022-05-03,110.68572235107422,29.25
2022-05-04,114.34733581542969,25.420000076293945
2022-05-05,111.48641204833984,31.200000762939453
2022-05-06,111.30646514892578,30.190000534057617
2022-05-09,109.63310241699219,34.75
2022-05-10,106.96110534667969,32.9900016784668
2022-05-11,106.2863540649414,32.560001373291016
2022-05-12,106.19638061523438,31.770000457763672
2022-05-13,107.14102935791016,28.8700008392334
2022-05-16,106.3943099975586,27.469999313354492
2022-05-17,109.92098999023438,26.100000381469727
2022-05-18,108.04067993164062,30.959999084472656
2022-05-19,106.43929290771484,29.350000381469727
2022-05-20,105.56661224365234,29.43000030517578
2022-05-23,112.09819030761719,28.479999542236328
2022-05-24,113.68160247802734,29.450000762939453
2022-05-25,114.4732894897461,28.3700008392334
2022-05-26,116.45254516601562,27.5
2022-05-27,118.09895324707031,25.719999313354492
2022-05-31,118.96260070800781,26.190000534057617
2022-06-01,116.87541198730469,25.690000534057617
2022-06-02,118.75569915771484,24.719999313354492
2022-06-03,117.10032653808594,24.790000915527344
2022-06-06,116.71347045898438,25.06999969482422
2022-06-07,117.01936340332031,24.020000457763672
2022-06-08,115.15704345703125,23.959999084472656
2022-06-09,112.73694610595703,26.09000015258789
2022-06-10,107.55487823486328,27.75
2022-06-13,104.35206604003906,34.02000045776367
2022-06-14,102.61570739746094,32.689998626708984
2022-06-15,103.83028411865234,29.6200008392334
2022-06-16,102.04894256591797,32.95000076293945
2022-06-17,101.6890640258789,31.1299991607666
2022-06-21,104.2081298828125,30.190000534057617
2022-06-22,103.62333679199219,28.950000762939453
2022-06-23,102.4897689819336,29.049999237060547
2022-06-24,105.54862213134766,27.229999542236328
2022-06-27,104.70294952392578,26.950000762939453
2022-06-28,104.19913482666016,28.360000610351562
2022-06-29,103.73131561279297,28.15999984741211
2022-06-30,101.31119537353516,28.709999084472656
2022-07-01,102.60672760009766,26.700000762939453
2022-07-05,102.21643829345703,27.540000915527344
2022-07-06,101.55389404296875,26.729999542236328
2022-07-07,104.1224594116211,26.079999923706055
2022-07-08,103.79571533203125,24.639999389648438
2022-07-11,102.43429565429688,26.170000076293945
2022-07-12,102.53412628173828,27.290000915527344
2022-07-13,101.57203674316406,26.81999969482422
2022-07-14,98.02323150634766,26.399999618530273
2022-07-15,102.51595306396484,24.229999542236328
2022-07-18,101.46312713623047,25.299999237060547
2022-07-19,103.97724151611328,24.5
2022-07-20,103.95909118652344,23.8799991607666
2022-07-21,104.66702270507812,23.110000610351562
2022-07-22,104.15876007080078,23.030000686645508
2022-07-25,104.57626342773438,23.360000610351562
2022-07-26,102.94255828857422,24.690000534057617
2022-07-27,104.59440612792969,23.239999771118164
2022-07-28,104.20414733886719,22.329999923706055
2022-07-29,104.70333099365234,21.329999923706055
2022-08-01,103.65955352783203,22.84000015258789
2022-08-02,102.04399108886719,23.93000030517578
2022-08-03,103.11498260498047,21.950000762939453
2022-08-04,101.98045349121094,21.440000534057617
2022-08-05,105.06637573242188,21.149999618530273
2022-08-08,103.78662872314453,21.290000915527344
2022-08-09,104.72146606445312,21.770000457763672
2022-08-10,107.45342254638672,19.739999771118164
2022-08-11,109.0417709350586,20.200000762939453
2022-08-12,110.84795379638672,19.530000686645508
2022-08-15,111.14744567871094,19.950000762939453
2022-08-16,112.2093734741211,19.690000534057617
2022-08-17,111.26543426513672,19.899999618530273
2022-08-18,110.40321350097656,19.559999465942383
2022-08-19,107.6712646484375,20.600000381469727
2022-08-22,105.89232635498047,23.799999237060547
2022-08-23,104.84854888916016,24.110000610351562
2022-08-24,105.10267639160156,22.81999969482422
2022-08-25,107.59864807128906,21.780000686645508
2022-08-26,104.07707977294922,25.559999465942383
2022-08-29,103.82294464111328,26.209999084472656
2022-08-30,103.84110260009766,26.209999084472656
2022-08-31,103.22389221191406,25.8700008392334
2022-09-01,103.93186950683594,25.559999465942383
2022-09-02,103.20574188232422,25.469999313354492
2022-09-06,103.23297882080078,26.90999984741211
2022-09-07,105.19344329833984,24.639999389648438
2022-09-08,107.64402770996094,23.610000610351562
2022-09-09,108.161376953125,22.790000915527344
2022-09-12,109.44114685058594,23.8700008392334
2022-09-13,105.63817596435547,27.270000457763672
2022-09-14,105.39311981201172,26.15999984741211
2022-09-15,106.98146057128906,26.270000457763672
2022-09-16,106.26445770263672,26.299999237060547
2022-09-19,107.24467468261719,25.760000228881836
2022-09-20,105.12991333007812,27.15999984741211
2022-09-21,102.09845733642578,27.989999771118164
2022-09-22,100.93669891357422,27.350000381469727
2022-09-23,99.05792236328125,29.920000076293945
2022-09-26,96.92501068115234,32.2599983215332
2022-09-27,96.07184600830078,32.599998474121094
2022-09-28,98.01414489746094,30.18000030517578
2022-09-29,96.35321807861328,31.84000015258789
2022-09-30,94.8465576171875,31.6200008392334
2022-10-03,97.77819061279297,30.100000381469727
2022-10-04,102.35258483886719,29.06999969482422
2022-10-05,101.08885955810547,28.549999237060547
2022-10-06,99.02843475341797,30.520000457763672
2022-10-07,97.05044555664062,31.360000610351562
2022-10-10,96.14385223388672,32.45000076293945
2022-10-11,93.36915588378906,33.630001068115234
2022-10-12,94.880126953125,33.56999969482422
2022-10-13,100.15480041503906,31.940000534057617
2022-10-14,101.82146453857422,32.02000045776367
2022-10-17,106.09797668457031,31.3700008392334
2022-10-18,108.8268814086914,30.5
2022-10-19,106.69322204589844,30.760000228881836
2022-10-20,106.34522247314453,29.979999542236328
2022-10-21,111.93128204345703,29.690000534057617
2022-10-24,112.06861114501953,29.850000381469727
2022-10-25,112.36166381835938,28.459999084472656
2022-10-26,113.65286254882812,27.280000686645508
2022-10-27,114.10157775878906,27.389999389648438
2022-10-28,115.45687866210938,25.75
2022-10-31,115.27373504638672,25.8799991607666
2022-11-01,117.35244750976562,25.809999465942383
2022-11-02,116.27188110351562,25.860000610351562
2022-11-03,116.48249816894531,25.299999237060547
2022-11-04,119.66928100585938,24.549999237060547
2022-11-07,120.30116271972656,24.350000381469727
2022-11-08,120.37442016601562,25.540000915527344
2022-11-09,118.8084945678711,26.09000015258789
2022-11-10,123.69856262207031,23.530000686645508
2022-11-11,123.90003204345703,22.520000457763672
2022-11-14,122.62715148925781,23.729999542236328
2022-11-15,121.7388916015625,24.540000915527344
2022-11-16,121.90370178222656,24.110000610351562
2022-11-17,121.37255096435547,23.93000030517578
2022-11-18,122.56303405761719,23.1200008392334
2022-11-21,121.83960723876953,22.360000610351562
2022-11-22,123.66193389892578,21.290000915527344
2022-11-23,124.9805908203125,20.350000381469727
2022-11-25,125.21867370605469,20.5
2022-11-28,123.03010559082031,22.209999084472656
2022-11-29,125.05387115478516,21.889999389648438
2022-11-30,126.5373764038086,20.579999923706055
2022-12-01,124.76085662841797,19.84000015258789
2022-12-02,123.77181243896484,19.059999465942383
2022-12-05,120.30116271972656,20.75
2022-12-06,120.50260162353516,22.170000076293945
2022-12-07,120.4201889038086,22.68000030517578
2022-12-08,121.68394470214844,22.290000915527344
2022-12-09,121.02461242675781,22.829999923706055
2022-12-12,122.90184783935547,25.0
2022-12-13,122.7828140258789,22.549999237060547
2022-12-14,122.16925811767578,21.139999389648438
2022-12-15,119.13814544677734,22.829999923706055
2022-12-16,118.39639282226562,22.6200008392334
2022-12-19,119.10152435302734,22.420000076293945
2022-12-20,119.67845153808594,21.479999542236328
2022-12-21,121.02461242675781,20.06999969482422
2022-12-22,119.65099334716797,21.969999313354492
2022-12-23,120.21874237060547,20.8700008392334
2022-12-27,120.63999938964844,21.649999618530273
2022-12-28,121.29933166503906,22.139999389648438
2022-12-29,121.99528503417969,21.440000534057617
2022-12-30,122.8011245727539,21.670000076293945
2023-01-03,123.73519897460938,22.899999618530273
2023-01-04,124.88903045654297,22.010000228881836
2023-01-05,124.86134338378906,22.459999084472656
2023-01-06,127.25064849853516,21.1299991607666
2023-01-09,126.72480773925781,21.969999313354492
2023-01-10,127.85952758789062,20.579999923706055
2023-01-11,128.80970764160156,21.09000015258789
2023-01-12,128.68052673339844,18.829999923706055
2023-01-13,131.92774963378906,18.350000381469727
2023-01-17,129.88900756835938,19.360000610351562
2023-01-18,125.98684692382812,20.34000015258789
2023-01-19,124.30782318115234,20.520000457763672
2023-01-20,124.61226654052734,19.850000381469727
2023-01-23,126.63257598876953,19.809999465942383
2023-01-24,127.72112274169922,19.200000762939453
2023-01-25,128.33920288085938,19.079999923706055
2023-01-26,129.132568359375,18.729999542236328
2023-01-27,129.4462127685547,18.510000228881836
2023-01-30,128.3484344482422,19.940000534057617
2023-01-31,129.11410522460938,19.399999618530273
2023-02-01,128.77279663085938,17.8700008392334
2023-02-02,128.1731414794922,18.729999542236328
2023-02-03,130.15655517578125,18.329999923706055
2023-02-06,130.92221069335938,19.43000030517578
2023-02-07,132.5181427001953,18.65999984741211
2023-02-08,131.58642578125,19.6299991607666
2023-02-09,129.53848266601562,20.709999084472656
2023-02-10,130.11044311523438,20.530000686645508
2023-02-13,131.52183532714844,20.34000015258789
2023-02-14,132.10305786132812,18.90999984741211
2023-02-15,132.65652465820312,18.229999542236328
2023-02-16,130.8299560546875,20.170000076293945
2023-02-17,131.2174530029297,20.020000457763672
2023-02-21,128.80970764160156,22.8700008392334
2023-02-22,127.8226089477539,22.290000915527344
2023-02-23,128.84657287597656,21.139999389648438
2023-02-24,130.00894165039062,21.670000076293945
2023-02-27,131.1436309814453,20.950000762939453
2023-02-28,132.2414093017578,20.700000762939453
2023-03-01,131.50340270996094,20.579999923706055
2023-03-02,130.1381072998047,19.59000015258789
2023-03-03,132.52735900878906,18.489999771118164
2023-03-06,131.75245666503906,18.610000610351562
2023-03-07,127.87796783447266,19.59000015258789
2023-03-08,127.12149810791016,19.110000610351562
2023-03-09,120.23959350585938,22.610000610351562
2023-03-10,123.29307556152344,24.799999237060547
2023-03-13,121.07906341552734,26.520000457763672
2023-03-14,124.18791961669922,23.729999542236328
2023-03-15,118.32076263427734,26.139999389648438
2023-03-16,120.61781311035156,22.989999771118164
2023-03-17,116.06063079833984,25.510000228881836
2023-03-20,117.2875747680664,24.149999618530273
2023-03-21,120.43329620361328,21.3799991607666
2023-03-22,117.324462890625,22.260000228881836
2023-03-23,117.01081085205078,22.610000610351562
2023-03-24,115.23038482666016,21.739999771118164
2023-03-27,118.532958984375,20.600000381469727
2023-03-28,118.89273071289062,19.969999313354492
2023-03-29,119.13256072998047,19.1200008392334
2023-03-30,118.77279663085938,19.020000457763672
2023-03-31,120.21192169189453,18.700000762939453
2023-04-03,120.07353973388672,18.549999237060547
2023-04-04,118.46839141845703,19.0
2023-04-05,118.64501953125,19.079999923706055
2023-04-06,118.51486206054688,18.399999618530273
2023-04-10,118.90534973144531,18.969999313354492
2023-04-11,119.4910888671875,19.100000381469727
2023-04-12,119.47249603271484,19.09000015258789
2023-04-13,119.9280776977539,17.799999237060547
2023-04-14,128.9838104248047,17.06999969482422
2023-04-17,130.00653076171875,16.950000762939453
2023-04-18,131.4662322998047,16.829999923706055
2023-04-19,131.2988739013672,16.459999084472656
2023-04-20,130.91769409179688,17.170000076293945
2023-04-21,130.66665649414062,16.770000457763672
2023-04-24,130.8433074951172,16.889999389648438
2023-04-25,127.998291015625,18.760000228881836
2023-04-26,125.72967529296875,18.84000015258789
2023-04-27,127.42180633544922,17.030000686645508
2023-04-28,128.5282440185547,15.779999732971191
2023-05-01,131.28028869628906,16.079999923706055
2023-05-02,129.16046142578125,17.780000686645508
2023-05-03,126.42703247070312,18.34000015258789
2023-05-04,124.69766235351562,20.09000015258789
2023-05-05,127.13362121582031,17.190000534057617
2023-05-08,127.4404296875,16.979999542236328
2023-05-09,126.8268051147461,17.709999084472656
2023-05-10,126.89187622070312,16.940000534057617
2023-05-11,126.49209594726562,16.93000030517578
2023-05-12,124.67906951904297,17.030000686645508
2023-05-15,125.72967529296875,17.1200008392334
2023-05-16,124.88365936279297,17.989999771118164
2023-05-17,128.72348022460938,16.8700008392334
2023-05-18,129.69972229003906,16.049999237060547
2023-05-19,129.40219116210938,16.809999465942383
2023-05-22,128.33299255371094,17.209999084472656
2023-05-23,126.9941635131836,18.530000686645508
2023-05-24,125.83195495605469,20.030000686645508
2023-05-25,126.13878631591797,19.139999389648438
2023-05-26,127.3195571899414,17.950000762939453
2023-05-30,127.80304718017578,17.459999084472656
2023-05-31,126.17597198486328,17.940000534057617
2023-06-01,127.91460418701172,15.649999618530273
2023-06-02,130.60157775878906,14.600000381469727
2023-06-05,129.31851196289062,14.729999542236328
2023-06-06,129.5509490966797,13.960000038146973
2023-06-07,130.8061065673828,13.9399995803833
2023-06-08,130.8433074951172,13.649999618530273
2023-06-09,131.10360717773438,13.829999923706055
2023-06-12,131.09432983398438,15.010000228881836
2023-06-13,132.04269409179688,14.609999656677246
2023-06-14,131.54994201660156,13.880000114440918
2023-06-15,133.0375213623047,14.5
2023-06-16,133.19557189941406,13.539999961853027
2023-06-20,132.51683044433594,13.880000114440918
2023-06-21,132.32162475585938,13.199999809265137
2023-06-22,129.7740936279297,12.90999984741211
2023-06-23,129.09539794921875,13.4399995803833
2023-06-26,129.41152954101562,14.25
2023-06-27,129.42080688476562,13.739999771118164
2023-06-28,128.85365295410156,13.430000305175781
2023-06-29,133.35362243652344,13.539999961853027
2023-06-30,135.22242736816406,13.59000015258789
2023-07-03,136.31021118164062,13.569999694824219
2023-07-05,135.40216064453125,14.180000305175781
2023-07-06,134.06349182128906,15.4399995803833
2023-07-07,135.12130737304688,14.829999923706055
2023-07-10,135.8795928955078,15.069999694824219
2023-07-11,138.00460815429688,14.84000015258789
2023-07-12,138.68797302246094,13.539999961853027
2023-07-13,139.36199951171875,13.609999656677246
2023-07-14,140.20452880859375,13.34000015258789
2023-07-17,143.58396911621094,13.479999542236328
2023-07-18,143.84609985351562,13.300000190734863
2023-07-19,144.39840698242188,13.760000228881836
2023-07-20,146.1770477294922,13.989999771118164
2023-07-21,145.05369567871094,13.600000381469727
2023-07-24,147.90890502929688,13.90999984741211
2023-07-25,146.80426025390625,13.859999656677246
2023-07-26,147.68421936035156,13.1899995803833
2023-07-27,146.0553436279297,14.40999984741211
2023-07-28,146.88851928710938,13.329999923706055
2023-07-31,147.87147521972656,13.630000114440918
2023-08-01,147.14125061035156,13.930000305175781
2023-08-02,145.4749298095703,16.09000015258789
2023-08-03,146.36428833007812,15.920000076293945
2023-08-04,146.0553436279297,17.100000381469727
2023-08-07,146.7480926513672,15.770000457763672
2023-08-08,145.92430114746094,15.989999771118164
2023-08-09,143.9677734375,15.960000038146973
2023-08-10,143.75245666503906,15.850000381469727
2023-08-11,144.58563232421875,14.84000015258789
2023-08-14,144.88519287109375,14.819999694824219
2023-08-15,141.1968231201172,16.459999084472656
2023-08-16,140.59771728515625,16.780000686645508
2023-08-17,139.1373291015625,17.889999389648438
2023-08-18,139.4556121826172,17.299999237060547
2023-08-21,139.93304443359375,17.1299991607666
2023-08-22,137.0310516357422,16.969999313354492
2023-08-23,137.95779418945312,15.979999542236328
2023-08-24,137.8267059326172,17.200000762939453
2023-08-25,137.6582489013672,15.680000305175781
2023-08-28,138.13568115234375,15.079999923706055
2023-08-29,139.259033203125,14.449999809265137
2023-08-30,138.6973419189453,13.880000114440918
2023-08-31,136.9842529296875,13.569999694824219
2023-09-01,137.44293212890625,13.09000015258789
2023-09-05,135.92640686035156,14.010000228881836
2023-09-06,135.7017364501953,14.449999809265137
2023-09-07,134.5409393310547,14.399999618530273
2023-09-08,134.64389038085938,13.84000015258789
2023-09-11,135.233642578125,13.800000190734863
2023-09-12,136.9936065673828,14.229999542236328
2023-09-13,137.0591278076172,13.479999542236328
2023-09-14,139.71774291992188,12.819999694824219
2023-09-15,139.30584716796875,13.789999961853027
2023-09-18,139.5960235595703,14.0
2023-09-19,139.41818237304688,14.109999656677246
2023-09-20,138.8284454345703,15.140000343322754
2023-09-21,137.74252319335938,17.540000915527344
2023-09-22,136.4225311279297,17.200000762939453
2023-09-25,137.09657287597656,16.899999618530273
2023-09-26,135.6736602783203,18.940000534057617
2023-09-27,136.46934509277344,18.219999313354492
2023-09-28,138.16375732421875,17.34000015258789
2023-09-29,135.75791931152344,17.520000457763672
2023-10-02,134.58773803710938,17.610000610351562
2023-10-03,133.5954132080078,19.780000686645508
2023-10-04,134.19459533691406,18.579999923706055
2023-10-05,134.76039123535156,18.489999771118164
2023-10-06,136.83506774902344,17.450000762939453
2023-10-09,136.5238800048828,17.700000762939453
2023-10-10,137.353759765625,17.030000686645508
2023-10-11,137.82528686523438,16.09000015258789
2023-10-12,137.50462341308594,16.690000534057617
2023-10-13,139.5699005126953,19.31999969482422
2023-10-16,139.42845153808594,17.209999084472656
2023-10-17,139.12667846679688,17.8799991607666
2023-10-18,137.59893798828125,19.219999313354492
2023-10-19,137.01425170898438,21.399999618530273
2023-10-20,134.80751037597656,21.709999084472656
2023-10-23,132.96861267089844,20.3700008392334
2023-10-24,133.12892150878906,18.969999313354492
2023-10-25,132.4027557373047,20.190000534057617
2023-10-26,132.7422637939453,20.68000030517578
2023-10-27,127.96104431152344,21.270000457763672
2023-10-30,129.59251403808594,19.75
2023-10-31,131.1391143798828,18.139999389648438
2023-11-01,131.02593994140625,16.8700008392334
2023-11-02,133.3647003173828,15.65999984741211
2023-11-03,134.85470581054688,14.90999984741211
2023-11-06,135.87318420410156,14.890000343322754
2023-11-07,135.8071746826172,14.8100004196167
2023-11-08,136.47669982910156,14.449999809265137
2023-11-09,136.07119750976562,15.289999961853027
2023-11-10,138.08929443359375,14.170000076293945
2023-11-13,137.47634887695312,14.760000228881836
2023-11-14,139.98480224609375,14.15999984741211
2023-11-15,141.21078491210938,14.180000305175781
2023-11-16,142.8233642578125,14.319999694824219
2023-11-17,144.11534118652344,13.800000190734863
2023-11-20,144.5585479736328,13.40999984741211
2023-11-21,144.25680541992188,13.350000381469727
2023-11-22,144.59629821777344,12.850000381469727
2023-11-24,144.79434204101562,12.460000038146973
2023-11-27,144.46426391601562,12.6899995803833
2023-11-28,144.79434204101562,12.6899995803833
2023-11-29,145.52992248535156,12.979999542236328
2023-11-30,147.18966674804688,12.920000076293945
2023-12-01,147.90635681152344,12.630000114440918
2023-12-04,148.9908447265625,13.079999923706055
2023-12-05,148.9720001220703,12.850000381469727
2023-12-06,147.4065399169922,12.970000267028809
2023-12-07,147.8592071533203,13.0600004196167
2023-12-08,149.49069213867188,12.350000381469727
2023-12-11,150.03762817382812,12.630000114440918
2023-12-12,151.37673950195312,12.069999694824219
2023-12-13,151.885986328125,12.1899995803833
2023-12-14,154.6490936279297,12.479999542236328
2023-12-15,155.8184356689453,12.279999732971191
2023-12-18,156.76148986816406,12.5600004196167
2023-12-19,158.85504150390625,12.529999732971191
2023-12-20,157.0632781982422,13.670000076293945
2023-12-21,157.95916748046875,13.649999618530273
2023-12-22,157.8648681640625,13.029999732971191
2023-12-26,158.79847717285156,12.989999771118164
2023-12-27,159.75091552734375,12.430000305175781
2023-12-28,160.59967041015625,12.470000267028809
2023-12-29,160.4110870361328,12.449999809265137
2024-01-02,162.2782745361328,13.199999809265137
2024-01-03,161.57101440429688,14.039999961853027
2024-01-04,162.6431884765625,14.130000114440918
2024-01-05,163.45924377441406,13.350000381469727
2024-01-08,163.22203063964844,13.079999923706055
2024-01-09,161.9315643310547,12.760000228881836
2024-01-10,162.273193359375,12.6899995803833
2024-01-11,161.58998107910156,12.4399995803833
2024-01-12,160.4039306640625,12.699999809265137
2024-01-16,159.39813232421875,13.84000015258789
2024-01-17,158.5441436767578,14.789999961853027
2024-01-18,158.85728454589844,14.130000114440918
2024-01-19,161.5994873046875,13.300000190734863
2024-01-22,161.4097137451172,13.1899995803833
2024-01-23,160.3470001220703,12.550000190734863
2024-01-24,161.7797393798828,13.140000343322754
2024-01-25,164.09494018554688,13.449999809265137
2024-01-26,163.46871948242188,13.260000228881836
2024-01-29,163.8957061767578,13.600000381469727
2024-01-30,167.25465393066406,13.3100004196167
2024-01-31,165.4423370361328,14.350000381469727
2024-02-01,164.8445281982422,13.880000114440918
2024-02-02,165.7934112548828,13.850000381469727
2024-02-05,165.57518005371094,13.670000076293945
2024-02-06,166.1444854736328,13.0600004196167
2024-02-07,166.45761108398438,12.829999923706055
2024-02-08,165.85986328125,12.789999961853027
2024-02-09,166.05908203125,12.930000305175781
2024-02-12,166.79917907714844,13.930000305175781
2024-02-13,165.34744262695312,15.850000381469727
2024-02-14,167.0269317626953,14.380000114440918
2024-02-15,170.6705322265625,14.010000228881836
2024-02-16,169.87347412109375,14.239999771118164
2024-02-20,170.53765869140625,15.420000076293945
2024-02-21,171.64784240722656,15.34000015258789
2024-02-22,173.7068634033203,14.539999961853027
2024-02-23,174.57981872558594,13.75
2024-02-26,173.98202514648438,13.739999771118164
2024-02-27,174.06744384765625,13.430000305175781
2024-02-28,174.94985961914062,13.84000015258789
2024-02-29,176.54396057128906,13.399999618530273
2024-03-01,175.8132781982422,13.109999656677246
2024-03-04,177.13223266601562,13.489999771118164
2024-03-05,178.90660095214844,14.460000038146973
2024-03-06,179.83648681640625,14.5
2024-03-07,178.26136779785156,14.4399995803833
2024-03-08,178.59347534179688,14.739999771118164
2024-03-11,178.6598663330078,15.220000267028809
2024-03-12,180.13059997558594,13.84000015258789
2024-03-13,181.59185791015625,13.75
2024-03-14,178.35626220703125,14.399999618530273
2024-03-15,180.56707763671875,14.40999984741211
2024-03-18,182.80638122558594,14.329999923706055
2024-03-19,183.87857055664062,13.819999694824219
2024-03-20,186.28868103027344,13.039999961853027
2024-03-21,188.87905883789062,12.920000076293945
2024-03-22,186.56382751464844,13.0600004196167
2024-03-25,184.85594177246094,13.1899995803833
2024-03-26,185.7193603515625,13.239999771118164
2024-03-27,189.31553649902344,12.779999732971191
2024-03-28,190.0556182861328,13.010000228881836
2024-04-01,188.76519775390625,13.649999618530273
2024-04-02,188.6892852783203,14.609999656677246
2024-04-03,188.157958984375,14.329999923706055
2024-04-04,186.72634887695312,16.350000381469727
2024-04-05,188.44422912597656,16.030000686645508
2024-04-08,189.42726135253906,15.1899995803833
2024-04-09,188.15794372558594,14.979999542236328
2024-04-10,186.55455017089844,15.800000190734863
2024-04-11,186.516357421875,14.90999984741211
2024-04-12,174.45289611816406,17.309999465942383
2024-04-15,174.54832458496094,19.229999542236328
2024-04-16,172.55364990234375,18.399999618530273
2024-04-17,171.86648559570312,18.209999084472656
2024-04-18,172.98312377929688,18.0
2024-04-19,177.32559204101562,18.709999084472656
2024-04-22,180.7709503173828,16.940000534057617
2024-04-23,183.37643432617188,15.6899995803833
2024-04-24,184.2735595703125,15.970000267028809
2024-04-25,184.55030822753906,15.369999885559082
2024-04-26,184.66485595703125,15.029999732971191
2024-04-29,184.46444702148438,14.670000076293945
2024-04-30,182.9946746826172,15.649999618530273
2024-05-01,183.1092071533203,15.390000343322754
2024-05-02,182.91835021972656,14.680000305175781
2024-05-03,181.82080078125,13.489999771118164
2024-05-06,183.2427978515625,13.489999771118164
2024-05-07,183.00421142578125,13.229999542236328
2024-05-08,186.72634887695312,13.0
2024-05-09,188.49195861816406,12.6899995803833
2024-05-10,189.70404052734375,12.550000190734863
2024-05-13,189.6658477783203,13.600000381469727
2024-05-14,192.31906127929688,13.420000076293945
2024-05-15,192.8916778564453,12.449999809265137
2024-05-16,193.2352752685547,12.420000076293945
2024-05-17,195.44943237304688,11.989999771118164
2024-05-20,186.65951538085938,12.149999618530273
2024-05-21,190.4198455810547,11.859999656677246
2024-05-22,189.26504516601562,12.289999961853027
2024-05-23,187.93841552734375,12.770000457763672
2024-05-24,191.55555725097656,11.930000305175781
2024-05-28,190.40072631835938,12.920000076293945
2024-05-29,189.0741424560547,14.279999732971191
2024-05-30,190.23851013183594,14.470000267028809
2024-05-31,193.38800048828125,12.920000076293945
2024-06-03,192.61497497558594,13.109999656677246
2024-06-04,190.0762481689453,13.15999984741211
2024-06-05,188.26287841796875,12.630000114440918
2024-06-06,187.92889404296875,12.579999923706055
2024-06-07,190.8302001953125,12.220000267028809
2024-06-10,190.50572204589844,12.739999771118164
2024-06-11,185.49514770507812,12.850000381469727
2024-06-12,182.79425048828125,12.039999961853027
2024-06-13,184.82708740234375,11.9399995803833
2024-06-14,184.94163513183594,12.65999984741211
2024-06-17,186.0869140625,12.75
2024-06-18,188.01475524902344,12.300000190734863
2024-06-20,189.60861206054688,13.279999732971191
2024-06-21,187.3466796875,13.199999809265137
2024-06-24,189.8090362548828,13.329999923706055
2024-06-25,189.0359649658203,12.84000015258789
2024-06-26,188.42514038085938,12.550000190734863
2024-06-27,190.0857696533203,12.239999771118164
2024-06-28,193.0348663330078,12.4399995803833
2024-07-01,196.079345703125,12.220000267028809
2024-07-02,199.30520629882812,12.029999732971191
2024-07-03,199.1715850830078,12.09000015258789
2024-07-05,196.53245544433594,12.479999542236328
2024-07-08,196.8971405029297,12.369999885559082
2024-07-09,199.25796508789062,12.510000228881836
2024-07-10,199.4210968017578,12.850000381469727
2024-07-11,199.08522033691406,12.920000076293945
2024-07-12,196.6764373779297,12.460000038146973
2024-07-15,201.58038330078125,13.119999885559082
2024-07-16,205.0064239501953,13.1899995803833
2024-07-17,208.12538146972656,14.479999542236328
2024-07-18,201.51318359375,15.930000305175781
2024-07-19,201.32127380371094,16.520000457763672
2024-07-22,201.80108642578125,14.90999984741211
2024-07-23,201.8490753173828,14.720000267028809
2024-07-24,200.17922973632812,18.040000915527344
2024-07-25,200.25601196289062,18.459999084472656
2024-07-26,203.6820831298828,16.389999389648438
2024-07-29,202.34812927246094,16.600000381469727
2024-07-30,206.51312255859375,17.690000534057617
2024-07-31,204.219482421875,16.360000610351562
2024-08-01,199.57467651367188,18.59000015258789
2024-08-02,191.11029052734375,23.389999389648438
2024-08-05,187.04124450683594,38.56999969482422
2024-08-06,192.2618865966797,27.709999084472656
2024-08-07,192.31947326660156,27.850000381469727
2024-08-08,195.83189392089844,23.790000915527344
2024-08-09,197.50173950195312,20.3700008392334
2024-08-12,197.87603759765625,20.709999084472656
2024-08-13,199.5554656982422,18.1200008392334
2024-08-14,201.7627410888672,16.190000534057617
2024-08-15,203.0198974609375,15.229999542236328
2024-08-16,205.34230041503906,14.800000190734863
2024-08-19,206.76263427734375,14.649999618530273
2024-08-20,205.87013244628906,15.880000114440918
2024-08-21,205.94692993164062,16.270000457763672
2024-08-22,207.8950653076172,17.549999237060547
2024-08-23,209.50733947753906,15.859999656677246
2024-08-26,210.33265686035156,16.149999618530273
2024-08-27,211.30189514160156,15.430000305175781
2024-08-28,212.36712646484375,17.110000610351562
2024-08-29,213.25006103515625,15.649999618530273
2024-08-30,215.73562622070312,15.0
2024-09-03,211.4170684814453,20.719999313354492
2024-09-04,210.48617553710938,21.31999969482422
2024-09-05,208.854736328125,19.899999618530273
2024-09-06,203.8931884765625,22.3799991607666
2024-09-09,208.0677947998047,19.450000762939453
2024-09-10,197.27142333984375,19.079999923706055
2024-09-11,198.87408447265625,17.690000534057617
2024-09-12,198.26951599121094,17.06999969482422
2024-09-13,196.08145141601562,16.559999465942383
2024-09-16,199.47866821289062,17.139999389648438
2024-09-17,200.8126220703125,17.610000610351562
2024-09-18,199.1619873046875,18.229999542236328
2024-09-19,201.9930419921875,16.329999923706055
2024-09-20,202.5784454345703,16.149999618530273
2024-09-23,202.91432189941406,15.890000343322754
2024-09-24,203.0582733154297,15.390000343322754
2024-09-25,201.7147216796875,15.40999984741211
2024-09-26,201.32127380371094,15.369999885559082
2024-09-27,202.01223754882812,16.959999084472656
2024-09-30,202.35772705078125,16.729999542236328
2024-10-01,198.6917266845703,19.260000228881836
2024-10-02,198.93167114257812,18.899999618530273
2024-10-03,196.95472717285156,20.489999771118164
2024-10-04,203.9453582763672,19.209999084472656
2024-10-07,203.66534423828125,22.639999389648438
2024-10-08,203.49156188964844,21.420000076293945
2024-10-09,206.06959533691406,20.860000610351562
2024-10-10,205.5095672607422,20.93000030517578
2024-10-11,214.63409423828125,20.459999084472656
2024-10-14,213.8520050048828,19.700000762939453
2024-10-15,214.7306671142578,20.639999389648438
2024-10-16,215.93759155273438,19.579999923706055
2024-10-17,216.69073486328125,19.110000610351562
2024-10-18,217.60801696777344,18.030000686645508
2024-10-21,215.31967163085938,18.3700008392334
2024-10-22,216.40106201171875,18.200000762939453
2024-10-23,215.7155303955078,19.239999771118164
2024-10-24,217.2314453125,19.079999923706055
2024-10-25,214.65342712402344,20.329999923706055
2024-10-28,217.73355102539062,19.799999237060547
2024-10-29,215.22308349609375,19.34000015258789
2024-10-30,216.68109130859375,20.350000381469727
2024-10-31,214.27682495117188,23.15999984741211
2024-11-01,215.26171875,21.8799991607666
2024-11-04,212.21055603027344,21.979999542236328
2024-11-05,213.86167907714844,20.489999771118164
2024-11-06,238.55099487304688,16.270000457763672
2024-11-07,228.2388458251953,15.199999809265137
2024-11-08,228.81814575195312,14.9399995803833
2024-11-11,231.04861450195312,14.970000267028809
2024-11-12,231.30931091308594,14.710000038146973
2024-11-13,232.8542022705078,14.020000457763672
2024-11-14,233.53973388671875,14.3100004196167
2024-11-15,236.8612823486328,16.139999389648438
2024-11-18,236.59091186523438,15.579999923706055
2024-11-19,234.7177276611328,16.350000381469727
2024-11-20,232.48728942871094,17.15999984741211
2024-11-21,236.3302001953125,16.8700008392334
2024-11-22,239.9896697998047,15.239999771118164
2024-11-25,241.66973876953125,14.600000381469727
2024-11-26,241.3607940673828,14.100000381469727
2024-11-27,241.18698120117188,14.100000381469727
2024-11-29,241.119384765625,13.510000228881836
2024-12-02,237.76889038085938,13.34000015258789
2024-12-03,236.38815307617188,13.300000190734863
2024-12-04,235.01707458496094,13.449999809265137
2024-12-05,237.02542114257812,13.539999961853027
2024-12-06,238.84068298339844,12.770000457763672
2024-12-09,235.41293334960938,14.1899995803833
2024-12-10,234.49563598632812,14.180000305175781
2024-12-11,235.142578125,13.579999923706055
2024-12-12,233.21144104003906,13.920000076293945
2024-12-13,231.6762237548828,13.8100004196167
2024-12-16,231.32861328125,14.6899995803833
2024-12-17,230.150634765625,15.869999885559082
2024-12-18,222.43582153320312,27.6200008392334
2024-12-19,224.93661499023438,24.09000015258789
2024-12-20,229.41680908203125,18.360000610351562
2024-12-23,230.1796112060547,16.780000686645508
2024-12-24,233.96458435058594,14.270000457763672
2024-12-26,234.76600646972656,14.729999542236328
2024-12-27,232.86386108398438,15.949999809265137
2024-12-30,231.07760620117188,17.399999618530273
